City_ID,City,Lat,Lng,Max Temp,Humidity,Cloudiness,Wind Speed,Country,Date
0,port-aux-francais,-49.35,70.2167,3.58,67,28,0.83,TF,1738602701
1,waitangi,-43.9535,-176.5597,14.9,90,57,4.47,NZ,1738602809
2,margaret river,-33.95,115.0667,15.23,81,0,6.1,AU,1738602810
3,chonchi,-42.6128,-73.8092,14.51,54,100,1.66,CL,1738602516
4,constitucion,-35.3333,-72.4167,21.64,53,10,7.43,CL,1738602812
5,jamestown,42.097,-79.2353,6.42,100,100,5.66,US,1738602782
6,pochaiv,50.0051,25.5118,-1.52,71,98,4.92,UA,1738602815
7,lompoc,34.6391,-120.4579,9.4,98,100,2.06,US,1738602816
8,puerto natales,-51.7236,-72.4875,9.25,76,75,7.2,CL,1738602817
9,pemba,-12.974,40.5178,27.35,84,96,6.43,MZ,1738602818
10,grytviken,-54.2811,-36.5092,5.87,95,100,2.18,GS,1738602819
11,montmagny,48.9734,2.3469,6.8,84,40,4.63,FR,1738602821
12,lihue,21.9789,-159.3672,18.77,82,20,4.12,US,1738602822
13,bethel,41.3712,-73.414,4.23,77,0,2.57,US,1738602823
14,iqaluit,63.7506,-68.5145,-30.15,67,0,0.89,CA,1738602824
15,ilulissat,69.2167,-51.1,-13.99,72,75,4.63,GL,1738602825
16,trairi,-3.2778,-39.2689,30.62,58,81,6.0,BR,1738602685
17,dhromolaxia,34.8755,33.5868,14.99,71,20,2.57,CY,1738602829
18,invercargill,-46.4,168.35,9.5,86,44,0.3,NZ,1738602830
19,yellowknife,62.456,-114.3525,-29.69,74,62,2.68,CA,1738602831
20,port alfred,-33.5906,26.891,23.43,85,0,1.34,ZA,1738602833
21,ola,59.5833,151.2833,-28.75,87,12,3.26,RU,1738602834
22,itupiranga,-5.1347,-49.3267,26.74,78,100,0.65,BR,1738602835
23,namibe,-15.1961,12.1522,23.9,80,65,5.22,AO,1738602836
24,aasiaat,68.7098,-52.8699,-17.98,95,100,3.55,GL,1738602839
25,dudinka,69.4058,86.1778,-21.99,88,100,3.67,RU,1738602840
26,enewetak,11.3474,162.3373,26.58,67,100,10.92,MH,1738602841
27,albany,42.6001,-73.9662,1.97,80,100,0.89,US,1738602607
28,sint michiel liber,12.15,-68.9833,28.72,72,34,1.79,CW,1738602783
29,papatowai,-46.5619,169.4708,12.38,72,93,4.54,NZ,1738602845
30,tyukhtet,56.5389,89.3011,-22.88,100,53,1.62,RU,1738602846
31,atafu village,-8.5421,-172.5159,28.69,64,80,5.09,TK,1738602847
32,gadzhiyevo,69.2551,33.3362,-18.73,99,46,1.92,RU,1738602849
33,west island,-12.1568,96.8225,27.99,89,40,4.12,CC,1738602850
34,colares,38.7992,-9.4469,16.43,40,20,4.12,PT,1738602851
35,qamdo,31.1667,97.2333,-1.96,23,0,1.09,CN,1738602792
36,isafjordur,66.0755,-23.124,-3.37,95,100,24.89,IS,1738602833
37,bilibino,68.0546,166.4372,-32.52,99,100,1.0,RU,1738602854
38,ushuaia,-54.8,-68.3,8.12,67,79,4.33,AR,1738602856
39,mbandaka,0.0487,18.2603,28.13,54,100,0.8,CD,1738602857
40,malabar,-33.9667,151.25,23.4,77,46,3.9,AU,1738602858
41,thompson,55.7435,-97.8558,-23.91,70,75,4.63,CA,1738602859
42,flying fish cove,-10.4217,105.6791,24.82,94,100,5.14,CX,1738602860
43,lichinga,-13.3128,35.2406,19.01,98,100,2.23,MZ,1738602861
44,vorkuta,67.5,64.0,-29.43,98,5,2.55,RU,1738602863
45,carlisle,40.2015,-77.1889,3.28,81,100,2.22,US,1738602864
46,tazacorte,28.629,-17.9293,18.42,87,75,6.17,ES,1738602865
47,makushino,55.2103,67.2442,-2.01,97,100,2.54,RU,1738602866
48,spassk,52.747,87.7545,-12.12,98,100,0.71,RU,1738602869
49,island harbour,50.724,-1.2758,8.29,87,59,0.89,GB,1738602870
50,mount pearl,47.5166,-52.7813,-4.36,79,100,6.17,CA,1738602871
51,farafangana,-22.8167,47.8333,24.55,77,72,5.27,MG,1738602872
52,ribeira grande,38.5167,-28.7,18.22,82,75,6.71,PT,1738602873
53,whitehorse,60.7161,-135.0538,-25.3,100,96,0.93,CA,1738602767
54,adamstown,-25.066,-130.1015,24.37,76,97,6.74,PN,1738602876
55,weno,7.4515,151.8468,28.97,84,100,4.12,FM,1738602877
56,tura,25.5198,90.2201,16.36,56,0,1.97,IN,1738602878
57,vorgashor,67.5833,63.95,-28.38,96,9,2.83,RU,1738602879
58,arkalyk,50.2486,66.9114,-10.81,86,78,4.88,KZ,1738602882
59,dakhla,23.6848,-15.958,19.01,77,0,9.26,EH,1738602883
60,blackmans bay,-43.0167,147.3167,20.07,90,0,2.0,AU,1738602884
61,georgetown,5.4112,100.3354,25.96,72,20,0.45,MY,1738602885
62,illizi,26.4833,8.4667,17.11,31,0,4.8,DZ,1738602887
63,la passe,45.5549,-0.8967,8.33,76,0,2.9,FR,1738602889
64,poronaysk,49.2167,143.1167,-19.05,99,93,2.18,RU,1738602890
65,tambacounda,13.7539,-13.7586,32.03,20,0,5.14,SN,1738602891
66,saint-pierre,-21.3393,55.4781,28.82,79,0,1.54,RE,1738602892
67,edinburgh of the seven seas,-37.0676,-12.3116,15.19,73,100,6.2,SH,1738602894
68,brcko,44.8728,18.8083,3.8,67,100,1.29,BA,1738602895
69,pisco,-13.7,-76.2167,25.03,73,0,4.12,PE,1738602896
70,lata,40.1629,-8.3327,11.34,64,0,2.02,PT,1738602897
71,rome,34.257,-85.1647,19.07,53,0,2.57,US,1738602611
72,zeya,53.75,127.2667,-23.22,88,100,2.09,RU,1738602899
73,kodiak,57.79,-152.4072,-0.27,80,0,5.14,US,1738602901
74,college,64.8569,-147.8028,-12.03,92,100,0.0,US,1738602902
75,sovetskaya gavan',48.9723,140.2878,-14.87,94,100,2.73,RU,1738602903
76,tuy hoa,13.0833,109.3,22.16,81,100,3.47,VN,1738602905
77,machico,32.7,-16.7667,18.17,78,75,6.17,PT,1738602906
78,kenora,49.8167,-94.4337,-20.46,77,75,2.06,CA,1738602806
79,ishpeming,46.4885,-87.6676,-6.38,70,100,3.6,US,1738602908
80,lavrio,37.7145,24.0565,14.96,82,100,2.71,GR,1738602909
81,lebu,-37.6167,-73.65,17.65,61,0,5.14,CL,1738602910
82,vilyuchinsk,52.9306,158.4028,-17.67,73,18,3.74,RU,1738602912
83,turpan,42.9333,89.1667,-1.24,44,0,0.83,CN,1738602913
84,placido de castro,-10.3353,-67.1856,29.3,75,35,2.18,BR,1738602914
85,carlsbad,33.1581,-117.3506,20.91,85,72,0.89,US,1738602915
86,puerto ayora,-0.7393,-90.3518,26.42,91,40,2.68,EC,1738602916
87,seven pagodas,12.6264,80.1722,23.89,72,94,2.87,IN,1738602918
88,uturoa,-16.7333,-151.4333,27.33,75,21,4.5,PF,1738602919
89,paita,-5.0892,-81.1144,25.48,66,84,3.92,PE,1738602920
90,selfoss,63.9331,-20.9971,2.8,78,100,16.2,IS,1738602921
91,batangafo,7.3008,18.2833,32.51,14,60,2.4,CF,1738602922
92,kerikeri,-35.2268,173.9474,15.01,97,61,1.43,NZ,1738602924
93,kalmunai,7.4167,81.8167,24.26,75,67,3.31,LK,1738602925
94,hermanus,-34.4187,19.2345,23.22,68,0,2.58,ZA,1738602926
95,gargzdai,55.7128,21.4033,0.48,75,89,3.68,LT,1738602927
96,mahriz,31.5917,54.4318,5.05,31,0,1.23,IR,1738602928
97,tiksi,71.6872,128.8694,-25.12,97,100,0.33,RU,1738602929
98,la'ie,21.6477,-157.9253,19.66,89,7,1.79,US,1738602931
99,bredasdorp,-34.5322,20.0403,21.74,56,0,4.38,ZA,1738602932
100,aldan,58.6031,125.3894,-30.32,95,100,3.44,RU,1738602858
101,constantia,44.1833,28.65,0.39,66,97,6.3,RO,1738602934
102,praia da vitoria,38.7333,-27.0667,15.14,100,75,6.33,PT,1738602935
103,isfara,40.1265,70.6253,1.27,44,89,1.18,TJ,1738602937
104,qaqortoq,60.7167,-46.0333,-15.56,80,6,1.01,GL,1738602938
105,yoko,5.5333,12.3167,29.47,18,53,0.81,CM,1738602678
106,tazovsky,67.4667,78.7,-33.95,100,84,1.91,RU,1738602940
107,udachny,66.4167,112.4,-15.64,94,100,13.38,RU,1738602941
108,rongelap,11.1635,166.8941,26.54,66,51,10.39,MH,1738602943
109,lusambo,-4.9667,23.45,21.46,97,100,0.83,CD,1738602684
110,sandnessjoen,66.0217,12.6316,-0.94,55,0,2.57,NO,1738602946
111,basi,26.8333,76.0333,19.19,40,54,3.47,IN,1738602947
112,richards bay,-28.783,32.0377,25.1,87,95,3.49,ZA,1738602949
113,stanley,54.868,-1.6985,8.07,75,20,4.63,GB,1738602811
114,saipan,15.1355,145.701,27.15,69,100,5.5,MP,1738602952
115,oravita,45.0325,21.6894,0.87,64,6,2.72,RO,1738602953
116,fort mcmurray,56.7268,-111.381,-28.23,76,100,3.6,CA,1738602954
117,cabo san lucas,22.8909,-109.9124,24.17,43,40,2.06,MX,1738602956
118,howard springs,-12.497,131.047,29.95,93,100,5.75,AU,1738602957
119,amga,60.8953,131.9608,-30.79,98,100,2.09,RU,1738602958
120,coahuayana de hidalgo,18.7,-103.6583,31.39,31,0,2.01,MX,1738602959
121,port elizabeth,-33.918,25.5701,22.95,83,0,1.34,ZA,1738602913
122,ripley,53.0333,-1.4,8.49,82,93,0.89,GB,1738602961
123,petropavlovsk-kamchatsky,53.0452,158.6483,-18.11,68,4,3.91,RU,1738602963
124,naze,28.3667,129.4833,10.51,59,100,9.52,JP,1738602964
125,nuku'alofa,-21.1333,-175.2,25.19,88,75,2.06,TO,1738602965
126,gazli,40.1333,63.45,3.78,48,100,1.98,UZ,1738602966
127,jinchang,38.4953,102.1739,-6.82,41,1,1.28,CN,1738602968
128,colonia,50.9333,6.95,4.98,69,0,1.03,DE,1738602969
129,crane,31.3974,-102.3501,20.23,17,0,3.65,US,1738602970
130,mont-dore,-22.2833,166.5833,26.85,85,93,3.98,NC,1738602971
131,whangarei,-35.7317,174.3239,16.67,97,92,0.89,NZ,1738602972
132,badger,64.8,-147.5333,-12.07,92,100,0.0,US,1738602876
133,tumayr,25.7039,45.868,14.49,20,0,2.42,SA,1738602975
134,bakanas,44.8081,76.2772,-7.47,74,0,6.8,KZ,1738602813
135,okha,53.5739,142.9478,-21.91,97,92,4.07,RU,1738602977
136,avarua,-21.2078,-159.775,28.03,78,78,3.6,CK,1738602978
137,yuzhno-kurilsk,44.0306,145.8556,-2.33,88,100,9.28,RU,1738602979
138,ad-damazin,11.7891,34.3592,31.81,21,8,3.23,SD,1738602981
139,saeby,57.3319,10.5225,2.07,78,100,3.89,DK,1738602982
140,vilyuysk,63.7553,121.6247,-21.69,96,100,5.8,RU,1738602983
141,port mathurin,-19.6833,63.4167,27.31,86,95,4.85,MU,1738602984
142,tarfaya,27.9358,-12.9218,17.75,80,0,7.6,MA,1738602985
143,merizo village,13.2658,144.6691,24.99,88,99,5.45,GU,1738602987
144,vadso,70.0744,29.7487,-7.91,73,0,4.12,NO,1738602988
145,zhezqazghan,47.7833,67.7667,-10.15,89,46,4.81,KZ,1738602989
146,olonkinbyen,70.9221,-8.7187,1.26,95,100,18.98,SJ,1738602991
147,nova sintra,14.8667,-24.7167,22.96,61,22,6.96,CV,1738602975
148,severo-yeniseyskiy,60.3725,93.0408,-33.34,100,42,1.68,RU,1738602994
149,keflavik,64.0049,-22.5624,2.24,75,75,18.01,IS,1738602995
150,bandar lampung,-5.4254,105.258,23.48,97,100,2.77,ID,1738602996
151,callao,-12.0667,-77.15,24.16,73,20,5.14,PE,1738602811
152,lincheng,19.9078,109.6858,15.64,68,100,4.45,CN,1738603000
153,hilo,19.7297,-155.09,15.85,72,20,3.6,US,1738602748
154,antsiranana,-12.2787,49.2917,25.87,85,100,4.71,MG,1738603002
155,olyokminsk,60.3736,120.4264,-21.01,90,100,5.19,RU,1738603003
156,ahwa,20.75,73.6833,21.18,38,65,0.93,IN,1738603005
157,tralee,52.2704,-9.7026,11.14,93,100,7.72,IE,1738603007
158,harstad,68.799,16.5293,-4.91,71,41,5.83,NO,1738603008
159,magistral'nyy,56.1725,107.4458,-31.2,99,94,1.32,RU,1738603009
160,guarapari,-20.6667,-40.4975,29.76,64,47,6.57,BR,1738603010
161,shenjiamen,29.9576,122.298,4.3,62,9,4.89,CN,1738603011
162,lanzhou,36.0564,103.7922,-7.37,89,11,1.65,CN,1738603013
163,talnakh,69.4865,88.3972,-21.4,91,100,2.18,RU,1738603014
164,flekkefjord,58.2971,6.6607,1.22,99,100,1.73,NO,1738603015
165,north platte,41.1239,-100.7654,-4.06,68,100,7.72,US,1738602939
166,hamilton,39.1834,-84.5333,17.17,60,0,9.26,US,1738602871
167,san antonio de pale,-1.4014,5.6325,27.59,73,70,1.76,GQ,1738603018
168,rybinsk,58.0446,38.8426,-1.33,89,100,1.6,RU,1738603020
169,port lincoln,-34.7333,135.8667,20.5,80,20,7.34,AU,1738603021
170,nadym,65.5333,72.5167,-23.8,97,9,4.29,RU,1738603022
171,puerto el triunfo,13.2833,-88.55,32.5,40,30,1.28,SV,1738602855
172,saldanha,-33.0117,17.9442,19.35,80,0,9.21,ZA,1738603024
173,caleta de carquin,-11.0925,-77.6267,24.89,73,81,4.3,PE,1738602865
174,northam,51.0333,-4.2167,8.78,78,100,0.89,GB,1738603027
175,north bend,43.4065,-124.2243,3.48,100,100,3.09,US,1738602895
176,charters towers,-20.1,146.2667,20.97,99,100,5.97,AU,1738603029
177,punta arenas,-53.15,-70.9167,11.06,46,40,12.86,CL,1738603030
178,hollfeld,49.9386,11.2925,-0.78,95,84,0.14,DE,1738603031
179,sisimiut,66.9395,-53.6735,-16.3,94,100,2.59,GL,1738603032
180,bandarbeyla,9.4942,50.8122,22.63,63,13,11.28,SO,1738603034
181,tolanaro,-25.0319,46.9987,25.66,67,40,3.23,MG,1738603035
182,susuman,62.7833,148.1667,-48.49,99,81,0.16,RU,1738603036
183,serhiyivka,46.0272,30.3768,1.98,74,59,4.78,UA,1738603037
184,azangaro,-14.9167,-70.2167,14.9,41,51,0.93,PE,1738603039
185,humahuaca,-23.2054,-65.3505,23.34,14,0,4.29,AR,1738602799
186,puerto carreno,6.189,-67.4859,32.99,46,33,5.14,CO,1738603041
187,klyuchi,52.2667,79.1667,-3.12,94,99,1.85,RU,1738603042
188,wailua homesteads,22.0669,-159.378,18.44,82,20,4.12,US,1738603043
189,venta de banos,41.9371,-4.4645,8.99,72,6,0.89,ES,1738603044
190,xining,36.6167,101.7667,-13.97,90,24,1.32,CN,1738603046
191,uenohara,35.6167,139.1167,2.71,87,52,1.26,JP,1738602991
192,marka,1.7159,44.7717,24.48,81,71,10.25,SO,1738603048
193,i-n-salah,27.1935,2.4607,18.76,21,0,3.69,DZ,1738603049
194,rosetta,31.4044,30.4164,15.54,75,87,5.51,EG,1738603050
195,noumea,-22.2763,166.4572,26.85,88,95,6.35,NC,1738603051
196,tofol,5.3248,163.0078,27.81,80,59,11.87,FM,1738603054
197,luanda,-8.8368,13.2343,27.68,69,26,3.41,AO,1738602702
198,yeniseysk,58.4497,92.1703,-34.58,100,15,0.56,RU,1738603058
199,kapuskasing,49.4169,-82.4331,-9.95,79,100,9.26,CA,1738603060
200,shivpuri,25.4333,77.65,19.03,46,21,3.69,IN,1738603061
201,kottapalli,18.4833,79.1,25.78,31,5,2.34,IN,1738603062
202,lodja,-3.4833,23.4333,24.95,76,99,1.84,CD,1738602873
203,ust-nera,64.5667,143.2,-41.62,99,90,1.62,RU,1738603064
204,nabire,-3.3667,135.4833,24.19,88,100,1.52,ID,1738602893
205,lima,-12.0432,-77.0282,23.14,73,20,5.14,PE,1738602568
206,villa gesell,-37.2639,-56.973,25.37,73,63,7.49,AR,1738603068
207,happy valley-goose bay,53.3168,-60.3315,-16.83,46,75,6.69,CA,1738602971
208,pugachev,52.0133,48.8025,-3.61,97,100,1.75,RU,1738603070
209,smithers,54.7804,-127.1743,-27.82,76,20,1.54,CA,1738603071
210,cova figueira,14.8905,-24.2934,16.82,55,12,9.57,CV,1738603074
211,quartu sant'elena,39.2419,9.1839,14.46,74,40,1.54,IT,1738603075
212,tulun,54.5611,100.5792,-28.81,100,84,1.01,RU,1738603076
213,mazagao,-0.115,-51.2894,31.03,56,61,2.05,BR,1738603077
214,yaren,-0.5472,166.916,26.46,84,35,6.2,NR,1738603078
215,hawaiian paradise park,19.5933,-154.9731,17.16,72,20,3.6,US,1738603080
216,mariental,-24.6333,17.9667,30.21,32,99,3.3,NA,1738603081
217,bodo,67.28,14.405,-4.98,46,0,13.38,NO,1738603082
218,tonghae,37.5439,129.1069,-8.59,53,0,4.66,KR,1738603083
219,kapa'a,22.0752,-159.319,19.18,95,20,4.12,US,1738603084
220,san patricio,28.017,-97.5169,22.97,76,71,5.76,US,1738603085
221,jagalur,14.5333,76.35,23.77,21,22,4.3,IN,1738603087
222,nar'yan-mar,67.6713,53.087,-27.2,92,6,3.97,RU,1738603089
223,eseka,3.65,10.7667,31.61,49,100,3.74,CM,1738603090
224,misratah,32.3754,15.0925,15.94,51,2,4.48,LY,1738603091
225,port augusta,-32.5,137.7667,28.59,48,96,2.55,AU,1738603092
226,mykolayiv,46.9659,31.9974,1.22,76,89,3.06,UA,1738603094
227,veraval,20.9,70.3667,21.55,69,22,4.47,IN,1738603095
228,oranjemund,-28.55,16.4333,19.62,77,2,6.96,NA,1738603096
229,olinda,-8.0089,-34.8553,30.85,66,40,6.69,BR,1738602832
230,sinabang,2.4803,96.3801,26.17,80,93,1.76,ID,1738603098
231,sangueya,10.7,-14.3667,33.26,21,34,4.98,GN,1738603091
232,popondetta,-8.7537,148.2534,23.83,99,100,0.73,PG,1738603101
233,anadyr,64.75,177.4833,0.28,86,0,10.0,RU,1738603102
234,mulvane,37.4745,-97.2439,15.77,49,0,2.06,US,1738603103
235,torata,-17.0769,-70.8433,19.17,66,21,4.4,PE,1738603104
236,pacific grove,36.6177,-121.9166,13.38,91,100,3.58,US,1738602499
237,tieling,42.2931,123.8414,-21.04,97,32,0.89,CN,1738603107
238,queenstown,-31.8976,26.8753,22.16,69,0,8.56,ZA,1738603108
239,horsham,51.064,-0.3272,8.26,86,40,2.57,GB,1738603109
240,ermoupolis,37.4423,24.9425,14.39,77,73,1.54,GR,1738603110
241,karaj,35.8355,51.0103,2.88,33,0,2.06,IR,1738603112
242,atherton,53.5237,-2.4935,9.6,71,100,2.68,GB,1738603113
243,labasa,-16.4167,179.3833,24.71,88,100,1.73,FJ,1738603114
244,chudovo,59.1167,31.6833,-7.42,91,100,2.4,RU,1738602849
245,nepanagar,21.4667,76.4,26.39,33,6,1.49,IN,1738603116
246,iskateley,67.6803,53.1512,-27.18,92,6,3.97,RU,1738603117
247,bousso,10.4795,16.7117,31.98,11,62,3.03,TD,1738603119
248,bardai,11.65,7.2333,29.93,10,57,3.61,NG,1738603120
249,kailua-kona,19.6406,-155.9956,19.75,78,0,3.6,US,1738603121
250,santa marinella,42.0345,11.8536,10.39,82,40,2.2,IT,1738603122
251,ancud,-41.8697,-73.8203,14.32,70,77,4.12,CL,1738603123
252,nova vicosa,-17.8919,-39.3719,30.91,55,1,7.41,BR,1738603124
253,jertih,5.7336,102.4897,22.36,88,60,1.49,MY,1738603126
254,tahe,52.3333,124.7333,-23.91,87,100,3.0,CN,1738603127
255,scone,56.4194,-3.4051,10.16,89,100,7.8,GB,1738603128
256,pola de lena,43.1609,-5.8288,10.02,95,46,0.82,ES,1738603129
257,san felipe,10.3399,-68.7425,29.64,45,100,3.5,VE,1738603130
258,sambava,-14.2667,50.1667,25.77,89,100,2.57,MG,1738603131
259,saint-louis,16.3333,-15.0,28.78,5,17,6.16,SN,1738603133
260,trebon,49.0036,14.7707,-0.92,80,30,1.05,CZ,1738603134
261,alamosa,37.4695,-105.87,9.99,37,0,4.63,US,1738603135
262,saint-paul,-21.0096,55.2707,28.05,94,67,5.51,RE,1738602885
263,mbalmayo,3.5167,11.5,30.18,26,83,0.3,CM,1738603137
264,engel's,51.5,46.1167,0.82,51,100,3.13,RU,1738603138
265,sierra grande,-41.606,-65.3557,22.21,15,16,4.24,AR,1738603140
266,san juan,-31.5375,-68.5364,31.47,26,1,6.68,AR,1738603141
267,okahandja,-21.9833,16.9167,22.53,62,98,4.65,NA,1738603142
268,champerico,14.3,-91.9167,29.02,65,6,3.44,GT,1738603143
269,gimbi,9.1667,35.8333,19.68,31,69,0.71,ET,1738603145
270,acarau,-2.8856,-40.12,30.01,64,97,7.46,BR,1738603146
271,makokou,0.5738,12.8642,25.79,68,97,1.21,GA,1738603148
272,khovd,48.0056,91.6419,-19.56,75,83,2.89,MN,1738603151
273,karratha,-20.7377,116.8463,30.05,76,100,6.23,AU,1738603152
274,ta`u,-14.2336,-169.5144,27.78,75,19,3.57,AS,1738603153
275,newman,37.3138,-121.0208,15.02,71,100,2.24,US,1738603154
276,slave lake,55.2834,-114.769,-34.01,75,0,3.09,CA,1738603155
277,afaahiti,-17.75,-149.2833,26.2,75,35,5.6,PF,1738603156
278,riversdale,18.1659,-76.9642,28.91,64,90,1.72,JM,1738603158
279,mahibadhoo,3.7833,72.9667,27.78,74,36,6.03,MV,1738603159
280,nuuk,64.1835,-51.7216,-10.66,73,75,9.26,GL,1738603160
281,pacasmayo,-7.4006,-79.5714,25.1,67,40,4.49,PE,1738603162
282,tadine,-21.55,167.8833,25.06,90,100,10.36,NC,1738603163
283,jining,35.405,116.5814,-1.74,26,1,3.11,CN,1738603165
284,pimentel,-6.8367,-79.9342,28.16,57,0,4.63,PE,1738602910
285,union,40.6334,-74.2663,6.23,72,0,2.06,US,1738603167
286,hashtpar,37.8008,48.9037,9.03,84,78,1.13,IR,1738603168
287,chatel-guyon,45.9167,3.0667,4.18,81,0,1.54,FR,1738603169
288,leh,34.1667,77.5833,-18.92,43,23,2.98,IN,1738603171
289,utrik,11.2278,169.8474,26.42,67,39,10.37,MH,1738603172
290,hirara,24.8,125.2833,15.11,76,100,14.55,JP,1738602920
291,brindisi,40.5833,17.6667,12.2,93,61,3.44,IT,1738603174
292,baruun-urt,46.6806,113.2792,-23.19,89,68,2.78,MN,1738603175
293,newport,51.5877,-2.9984,9.14,81,96,3.66,GB,1738603104
294,guardo,42.7897,-4.8482,4.62,85,16,0.39,ES,1738603178
295,fuerte olimpo,-21.0415,-57.8738,41.73,21,14,1.58,PY,1738603179
296,codrington,-38.2667,141.9667,24.43,59,46,6.48,AU,1738603180
297,juneau,58.3019,-134.4197,-10.88,73,20,2.06,US,1738603181
298,nemuro,43.3236,145.575,-1.16,95,100,11.94,JP,1738603182
299,ust'-ilimsk,58.0006,102.6619,-29.62,98,73,1.63,RU,1738603184
300,kitimat,54.0524,-128.6534,-15.59,73,3,3.71,CA,1738603185
301,sakakah,29.9697,40.2064,16.76,17,100,2.11,SA,1738603187
302,samus',56.7475,84.6992,-9.87,96,100,2.51,RU,1738603188
303,cidreira,-30.1811,-50.2056,27.1,78,0,6.23,BR,1738603189
304,lishui,28.4604,119.9103,2.91,88,33,0.86,CN,1738603191
305,melfort,52.8667,-104.6177,-26.93,69,99,4.12,CA,1738603192
306,megion,61.0296,76.1136,-13.99,94,99,4.26,RU,1738603136
307,longyearbyen,78.2186,15.6401,-0.09,69,20,8.75,SJ,1738603194
308,chitungwiza,-18.0127,31.0756,22.82,60,100,1.86,ZW,1738603195
309,egilsstadir,65.2653,-14.3948,5.95,61,40,12.86,IS,1738603197
310,hovd,48.0056,91.6419,-19.56,75,83,2.89,MN,1738603151
311,degerfors,59.238,14.4308,-3.07,95,100,2.55,SE,1738603199
312,kavalerovo,44.2661,135.0572,-13.85,84,100,5.08,RU,1738603200
313,zhangatas,43.5667,69.75,-5.29,85,41,3.86,KZ,1738603201
314,aoulef,26.9667,1.0833,19.19,19,0,3.37,DZ,1738603202
315,melfi,40.9965,15.6514,8.07,90,91,1.96,IT,1738603204
316,vetluzhskiy,58.3902,45.4654,-4.08,98,100,1.02,RU,1738603205
317,vila franca do campo,37.7167,-25.4333,18.27,99,100,5.89,PT,1738603206
318,kone,-21.0595,164.8658,23.6,92,18,1.4,NC,1738603207
319,funadhoo,6.15,73.2667,27.91,71,79,3.26,MV,1738603208
320,kiunga,-6.1219,141.2906,23.02,99,100,2.78,PG,1738603209
321,coquimbo,-29.9533,-71.3436,20.85,68,0,6.17,CL,1738603211
322,craig,40.5153,-107.5464,7.79,65,0,0.0,US,1738603212
323,belyy yar,53.6039,91.3903,-16.06,92,40,0.0,RU,1738603213
324,soio,-6.1349,12.3689,27.77,76,48,4.6,AO,1738603214
325,sarnia,42.9787,-82.4041,2.46,97,100,2.57,CA,1738603134
326,buala,-8.145,159.5921,27.26,79,100,2.07,SB,1738603216
327,kendari,-3.945,122.4989,24.56,93,100,1.16,ID,1738603114
328,labytnangi,66.6572,66.4183,-25.54,97,94,4.45,RU,1738603219
329,new norfolk,-42.7826,147.0587,22.06,51,0,1.28,AU,1738603220
330,xilin hot,43.9667,116.0333,-23.7,87,3,2.43,CN,1738603221
331,mantua,45.1667,10.7833,9.34,88,4,2.42,IT,1738603222
332,oak grove,45.4168,-122.6401,3.33,92,100,4.12,US,1738603223
333,betio village,1.358,172.9211,27.02,86,46,6.73,KI,1738603225
334,karasuk,53.7377,78.0403,-9.66,97,98,2.51,RU,1738603226
335,cuapiaxtla,19.3,-97.7667,16.33,49,6,1.72,MX,1738603227
336,hats'avan,39.4641,45.9705,-1.22,59,86,1.17,AM,1738603228
337,lincoln,40.8,-96.667,3.49,68,75,11.32,US,1738603229
338,pimenta bueno,-11.6725,-61.1936,26.28,88,100,2.4,BR,1738603095
339,mandiana,10.6333,-8.6833,31.55,12,99,2.68,GN,1738603232
340,cerkes,40.8116,32.8936,3.88,78,7,1.89,TR,1738603233
341,puerto ayacucho,5.6639,-67.6236,35.18,32,57,2.77,VE,1738603234
342,brigantine,39.4101,-74.3646,8.97,75,100,3.65,US,1738603111
343,mochudi,-24.4167,26.15,30.52,31,28,0.51,BW,1738603237
344,praya,14.9215,-23.5087,24.3,43,75,10.8,CV,1738603238
345,burlington,39.8835,-74.6413,9.98,60,0,2.06,US,1738603239
346,isangel,-19.55,169.2667,26.25,86,23,10.05,VU,1738603240
347,luganville,-15.5333,167.1667,25.59,88,100,2.44,VU,1738603241
348,carnarvon,-24.8667,113.6333,28.27,63,1,11.78,AU,1738603242
349,santa terezinha,-29.9002,-50.0904,26.81,81,1,6.62,BR,1738603244
350,cam ranh,11.9214,109.1591,24.98,65,20,8.23,VN,1738603245
351,aleksandrovskoye,44.7142,43.0008,4.8,82,68,4.98,RU,1738603246
352,maridi,4.9158,29.4742,29.81,21,97,2.32,SS,1738603247
353,ulsteinvik,62.3432,5.8487,8.5,85,100,4.27,NO,1738603248
354,barra de santo antonio,-9.4047,-35.5072,28.88,64,9,5.17,BR,1738603249
355,barcelos,41.5388,-8.6151,12.12,72,0,2.66,PT,1738603251
356,guatrache,-37.6678,-63.5302,33.05,12,1,4.72,AR,1738603253
357,alofi,-19.0595,-169.9187,25.94,89,75,5.14,NU,1738603254
358,fuglafjordur,62.244,-6.814,6.23,73,100,14.51,FO,1738603255
359,chernyshevsk,52.5243,117.0174,-30.49,99,95,1.05,RU,1738603256
360,hauterive,46.0901,3.4459,3.32,79,1,2.05,FR,1738603258
361,mhamid,29.82,-5.72,20.12,13,0,6.75,MA,1738603259
362,robore,-18.3333,-59.75,34.05,52,20,4.12,BO,1738603260
363,al jawf,29.5,38.75,16.55,14,94,4.02,SA,1738603261
364,bubaque,11.2833,-15.8333,26.39,48,63,2.77,GW,1738603092
365,kill devil hills,36.0307,-75.676,7.77,99,100,0.0,US,1738603264
366,thames,-37.1333,175.5333,15.8,97,25,0.83,NZ,1738603265
367,princeville,45.7668,-61.2985,-4.61,86,100,2.57,CA,1738603266
368,geraldton,-28.7667,114.6,23.23,78,0,6.69,AU,1738603267
369,yemetsk,63.4721,41.7941,-16.74,95,100,3.09,RU,1738603268
370,guerrero negro,27.9769,-114.0611,20.48,37,99,0.9,MX,1738603269
371,korocha,50.8107,37.1953,-1.07,69,100,1.73,RU,1738603271
372,nago,26.5881,127.9761,12.51,61,100,8.63,JP,1738603272
373,kristiansund,63.1115,7.732,3.36,81,75,3.09,NO,1738603273
374,dawei,14.0833,98.2,20.78,73,4,1.58,MM,1738603274
375,lauro de freitas,-12.8944,-38.3272,31.01,66,40,5.66,BR,1738603077
376,tevriz,57.509,72.4042,-6.73,98,100,1.24,RU,1738603276
377,lao cai,22.4833,103.95,13.1,89,100,0.61,VN,1738603278
378,tinajo,29.0788,-13.7081,18.49,72,75,8.23,ES,1738603279
379,suva,-18.1416,178.4415,23.71,100,75,1.54,FJ,1738603280
380,uliastay,47.7417,96.8444,-26.72,96,99,2.21,MN,1738603283
381,kindu,-2.95,25.95,23.02,84,100,0.83,CD,1738603284
382,puerto madero,14.7208,-92.4215,32.11,62,20,2.57,MX,1738603285
383,vila velha,-20.3297,-40.2925,32.97,55,20,8.23,BR,1738603063
384,fort bragg,35.139,-79.006,15.93,68,0,3.09,US,1738603287
385,whitecourt,54.1502,-115.6855,-32.42,75,40,1.54,CA,1738603289
386,waddan,29.1614,16.139,17.0,36,0,4.46,LY,1738603290
387,sept-iles,50.2001,-66.3821,-8.0,84,100,3.6,CA,1738603249
388,todaraisingh,26.0167,75.4833,20.64,40,47,2.3,IN,1738603292
389,tasqala,51.1167,50.3167,-2.75,98,100,3.25,KZ,1738603293
390,saint-joseph,-21.3667,55.6167,28.21,83,60,1.68,RE,1738603294
391,watertown,42.3709,-71.1828,5.86,74,0,3.09,US,1738603255
392,touros,-5.1989,-35.4608,30.51,60,98,7.41,BR,1738603026
393,villa juarez,24.6536,-107.5411,24.14,23,40,0.0,MX,1738603298
394,sitka,57.0531,-135.33,-2.06,29,0,2.06,US,1738603234
395,hermiston,45.8404,-119.2895,0.48,88,75,0.0,US,1738603300
396,beitbridge,-22.2167,30.0,33.31,28,3,6.43,ZW,1738603301
397,qurayyat,31.3318,37.3428,17.1,16,0,0.0,SA,1738603303
398,bende,5.5572,7.6368,36.14,26,51,1.14,NG,1738603304
399,mary,37.0,62.5,5.18,42,92,2.05,TM,1738603305
400,protaras,35.0125,34.0583,14.44,81,21,0.89,CY,1738603306
401,mersa matruh,31.3525,27.2453,17.11,67,40,4.12,EG,1738603307
402,new london,41.4834,-72.0662,5.38,85,20,4.63,US,1738603119
403,klaksvik,62.2266,-6.589,7.27,72,100,17.26,FO,1738603310
404,linxia chengguanzhen,35.6003,103.2064,-16.49,96,20,1.52,CN,1738603311
405,aghstafa,41.1189,45.4539,6.62,62,89,1.47,AZ,1738603312
406,tsiombe,-25.3,45.4833,24.01,77,19,4.6,MG,1738603313
407,rabaul,-4.1967,152.1721,27.46,79,100,0.68,PG,1738603314
408,ketchikan,55.3422,-131.6461,-5.01,27,0,3.6,US,1738603315
409,mugia,43.1041,-9.2179,12.17,72,1,1.53,ES,1738603317
410,prado,-17.3411,-39.2208,29.11,63,0,5.66,BR,1738603319
411,nantucket,41.2835,-70.0995,6.06,75,0,5.14,US,1738603096
412,malanje,-9.5402,16.341,20.36,92,44,2.29,AO,1738603322
413,ascension,30.2169,-90.9001,24.49,76,0,2.91,US,1738603324
414,robertsport,6.7533,-11.3686,28.26,70,58,4.73,LR,1738603217
415,viedma,-40.8135,-62.9967,23.62,22,0,5.92,AR,1738603326
416,prineville,44.2999,-120.8345,0.27,79,100,1.49,US,1738603327
417,bremervorde,53.4833,9.1333,0.17,79,61,2.45,DE,1738603064
418,ati,13.2154,18.3353,28.6,8,6,4.62,TD,1738603330
419,chilecito,-29.1619,-67.4974,32.06,33,0,3.73,AR,1738603328
420,imbituba,-28.24,-48.6703,27.83,69,61,3.87,BR,1738603332
421,monrovia,6.3005,-10.7969,28.81,66,57,4.45,LR,1738603194
422,pecos,31.4229,-103.4932,18.05,20,0,0.0,US,1738603334
423,medicine hat,50.0501,-110.6683,-23.97,73,98,0.45,CA,1738603187
424,petawawa,45.9001,-77.3328,-7.23,93,100,3.6,CA,1738603337
425,mount gambier,-37.8333,140.7667,24.71,55,100,4.77,AU,1738603338
426,fairfield,41.2668,-73.3162,3.83,79,0,2.57,US,1738603339
427,nacala,-14.5428,40.6728,26.45,89,74,3.04,MZ,1738603092
428,sumbe,-11.2061,13.8437,27.87,76,21,3.05,AO,1738603341
429,pervomayskiy,53.2485,40.2871,-1.17,85,100,2.6,RU,1738603343
430,el granada,37.5027,-122.4694,14.5,85,75,6.69,US,1738603344
431,pizarro,4.9533,-77.366,27.35,82,98,2.63,CO,1738603345
432,uzgen,40.7699,73.3007,-5.93,71,76,2.58,KG,1738603346
433,zouerate,22.7187,-12.4521,21.47,30,0,3.77,MR,1738603347
434,boa vista,2.8197,-60.6733,31.99,45,75,6.17,BR,1738603322
435,brisas de zicatela,15.8369,-97.0419,29.29,70,20,4.12,MX,1738603350
436,ilha de mocambique,-15.0342,40.7358,27.78,85,74,4.83,MZ,1738603351
437,greenwood,34.1668,-82.1165,17.94,67,0,3.6,US,1738603121
438,midland,31.9974,-102.0779,22.02,20,0,3.6,US,1738603075
439,viet tri,21.3019,105.4308,15.44,67,100,0.85,VN,1738603354
440,plettenberg bay,-34.0527,23.3716,20.8,75,0,3.18,ZA,1738603355
441,magadan,59.5667,150.8,-28.2,81,2,2.67,RU,1738603357
442,brookings,44.3114,-96.7984,-8.79,79,100,6.17,US,1738603275
443,baiao,-2.7906,-49.6717,27.89,85,64,1.09,BR,1738603359
444,greymouth,-42.4667,171.2,11.1,94,31,2.81,NZ,1738603360
445,owando,-0.4819,15.8999,24.39,72,100,1.64,CG,1738603361
446,namdrik,5.5994,168.1028,27.65,78,69,11.08,MH,1738603363
447,concordia,-31.393,-58.0209,37.04,26,20,2.06,AR,1738603364
448,black point,-34.6187,137.8972,27.54,47,83,2.75,AU,1738603367
449,birjand,32.8663,59.2211,2.26,25,0,0.0,IR,1738603368
450,port douglas,-16.4833,145.4667,26.4,92,100,5.69,AU,1738603369
451,talagang,32.9297,72.4158,11.06,32,0,2.24,PK,1738603370
452,eurajoki,61.2,21.7333,-6.99,89,86,2.32,FI,1738603371
453,domanic,39.8,29.6167,5.62,83,13,1.64,TR,1738603373
454,makar'yev,57.8797,43.8069,-3.19,98,100,1.42,RU,1738603375
455,rokupr,8.6717,-12.395,36.69,13,79,0.63,SL,1738603376
456,anna regina,7.2644,-58.5077,26.53,84,17,4.49,GY,1738603092
457,morehead city,34.7229,-76.726,15.56,85,0,2.06,US,1738603371
458,kruisfontein,-34.0033,24.7314,20.6,69,0,4.28,ZA,1738603379
459,nurota,40.5614,65.6886,2.55,52,100,0.64,UZ,1738603381
460,portland,45.5234,-122.6762,3.38,92,100,4.12,US,1738603024
461,punta del este,-34.9667,-54.95,35.06,92,20,4.92,UY,1738603383
462,mendefera,14.8872,38.8153,17.42,60,97,3.73,ER,1738603384
463,narvik,68.4384,17.4272,-10.11,65,42,5.61,NO,1738603385
464,ylitornio,66.3089,23.6773,-26.64,100,32,1.96,FI,1738603387
465,hirtshals,57.5881,9.9592,2.84,82,100,5.18,DK,1738603388
466,abqaiq,25.9371,49.6776,15.93,20,26,2.2,SA,1738603389
467,hobyo,5.3505,48.5268,23.67,74,12,10.42,SO,1738603391
468,tamanrasset,22.785,5.5228,19.95,10,0,3.09,DZ,1738603393
469,chui,-33.6971,-53.4616,32.37,46,0,3.96,UY,1738603394
470,sola,-13.8833,167.55,27.89,78,99,6.65,VU,1738603395
471,taltal,-25.4,-70.4833,21.37,74,12,2.81,CL,1738603220
472,lorengau,-2.0226,147.2712,27.84,75,97,3.76,PG,1738603397
473,yonggwang-up,40.0183,127.4547,-11.75,58,0,3.35,KP,1738603399
474,hithadhoo,-0.6,73.0833,28.02,70,79,1.3,MV,1738603400
475,zhanaozen,43.3,52.8,3.66,60,100,4.01,KZ,1738603401
476,saint-philippe,-21.3585,55.7679,28.24,86,58,4.15,RE,1738603403
477,kuta,-8.7233,115.1723,27.97,94,20,2.57,ID,1738603404
478,grand-bassam,5.2118,-3.7388,29.98,67,100,4.1,CI,1738603406
479,ikungi,-5.1333,34.7667,17.9,89,99,0.21,TZ,1738603407
480,esquel,-42.9,-71.3167,13.87,45,87,3.8,AR,1738603316
481,saundatti,15.7833,75.1167,23.65,23,47,3.29,IN,1738603409
482,kavaratti,10.5669,72.642,27.59,72,76,4.47,IN,1738603411
483,as saffaniyah,27.9708,48.73,15.33,45,7,1.71,SA,1738603412
484,caleta olivia,-46.4393,-67.5281,17.94,26,100,6.34,AR,1738603413
485,ad dabbah,18.05,30.95,27.33,23,3,4.5,SD,1738603415
486,alaghsas,17.0187,8.0168,28.94,10,65,5.14,NE,1738603416
487,tarnogskiy gorodok,60.4997,43.5761,-11.6,98,99,1.29,RU,1738603417
488,alice springs,-23.7,133.8833,27.75,39,0,3.6,AU,1738603158
489,taradale,-39.5333,176.85,14.45,91,10,0.45,NZ,1738603419
490,altay,47.8667,88.1167,-18.08,63,4,3.43,CN,1738603421
491,ji'an,27.1172,114.9793,6.59,80,46,2.49,CN,1738603422
492,aflao,6.116,1.1914,30.07,70,20,5.14,TG,1738603423
493,laojunmiao,39.8333,97.7333,-10.7,63,3,1.4,CN,1738603424
494,holmestrand,59.4876,10.3176,2.11,95,100,1.22,NO,1738603425
495,vizinga,61.0749,50.1031,-2.66,97,100,2.18,RU,1738603427
496,vanimo,-2.6741,141.3028,25.35,93,100,2.84,PG,1738603428
497,saudarkrokur,65.7461,-19.6394,1.13,86,100,17.44,IS,1738603429
498,pamekasan,-7.1568,113.4746,25.96,88,96,5.65,ID,1738603430
499,garissa,-0.4536,39.6401,31.89,28,27,3.74,KE,1738603431
500,agnibilekrou,7.1344,-3.2047,36.05,22,63,0.41,CI,1738603432
501,laascaanood,8.4774,47.3597,22.96,21,45,6.63,SO,1738603434
502,jutai,-5.1833,-68.9,25.36,95,100,0.78,BR,1738603435
503,revda,56.801,59.9303,-2.45,97,100,2.3,RU,1738603436
504,lagoa,39.05,-27.9833,15.09,74,97,7.64,PT,1738603437
505,dzhambeyty,50.2536,52.595,-4.67,97,95,4.56,KZ,1738603438
506,huancabamba,-5.2386,-79.4506,20.16,77,93,1.93,PE,1738603393
507,ti port-de-paix,19.9333,-72.8333,26.48,75,55,10.55,HT,1738603441
508,surovikino,48.6078,42.8486,1.58,71,100,2.06,RU,1738603442
509,ago-are,8.5,3.4167,35.51,28,55,3.04,NG,1738603443
510,meadow lake,34.8014,-106.5436,12.03,36,16,1.2,US,1738603444
511,villa de arista,22.65,-100.8333,18.21,54,0,0.87,MX,1738603445
512,st. john's,47.5649,-52.7093,-3.8,77,100,5.14,CA,1738603328
513,port macquarie,-31.4333,152.9167,20.6,98,96,0.89,AU,1738603448
514,tuzha,57.6062,47.936,-1.25,99,100,1.68,RU,1738603449
515,la romana,18.4273,-68.9728,25.2,83,75,7.72,DO,1738603450
516,rovaniemi,66.5,25.7167,-16.33,78,0,4.12,FI,1738603451
517,twon-brass,4.3151,6.2418,28.32,76,94,6.99,NG,1738603334
518,mandalgovi,45.7625,106.2708,-20.26,86,66,5.21,MN,1738603453
519,kousa,25.9141,32.7636,21.05,14,69,2.51,EG,1738603455
520,barentu,15.1139,37.5928,26.53,29,57,4.98,ER,1738603371
521,karasburg,-28.0167,18.75,36.45,11,26,4.87,NA,1738603275
522,timmins,48.4669,-81.3331,-8.1,73,100,4.12,CA,1738603458
523,sydney mines,46.2367,-60.2177,-4.34,79,100,3.09,CA,1738603459
524,nema,57.5067,50.5011,-2.76,96,100,3.78,RU,1738603461
525,bonthe,7.5264,-12.505,29.35,56,73,5.5,SL,1738603462
526,malango,-2.9627,119.9001,18.61,94,94,1.49,ID,1738603463
527,bikenibeu village,1.3673,173.1241,26.98,89,40,5.66,KI,1738603464
528,talkha,31.0539,31.3779,13.79,69,100,3.67,EG,1738603465
529,arraial do cabo,-22.9661,-42.0278,34.98,55,20,7.2,BR,1738603466
530,kourou,5.1552,-52.6478,25.39,88,100,4.05,GF,1738603343
531,palasa,18.7667,84.4167,22.85,75,3,1.19,IN,1738603469
532,paphos,34.7667,32.4167,12.88,82,8,1.54,CY,1738603470
533,el porvenir,13.7617,-87.3458,31.7,33,1,3.11,HN,1738603471
534,luderitz,-26.6481,15.1594,21.51,68,0,7.39,NA,1738603474
535,tahmoor,-34.2167,150.5833,18.34,88,18,0.73,AU,1738603475
536,kittila,67.6647,24.8936,-29.92,76,0,1.54,FI,1738603476
537,santa elena de uairen,4.6167,-61.1333,28.71,41,26,2.08,VE,1738603477
538,reggane,26.7158,0.1714,20.22,15,0,3.21,DZ,1738603478
539,chibougamau,49.9168,-74.3659,-9.21,86,100,5.66,CA,1738603479
540,chauk,20.8833,94.8167,22.68,41,2,2.22,MM,1738603481
541,cox's bazar,21.4532,91.9798,18.56,61,2,4.34,BD,1738603482
542,hammerfest,70.6634,23.6821,-9.75,48,0,4.63,NO,1738603483
543,san luis de la loma,17.2706,-100.8939,29.04,54,0,2.35,MX,1738603484
544,choroszcz,53.1433,22.9889,0.53,83,99,3.53,PL,1738603485
545,itamaraca,-7.7478,-34.8256,29.31,65,22,5.77,BR,1738603486
546,morondava,-20.2833,44.2833,28.74,82,100,3.65,MG,1738603488
547,valparaiso,-33.0393,-71.6273,27.13,41,0,5.66,CL,1738603489
548,ishigaki,24.3448,124.1572,15.07,67,100,10.29,JP,1738603490
549,kayangel,8.0823,134.7173,28.17,79,98,9.74,PW,1738603454
550,kamaishi,39.2667,141.8833,2.91,86,93,3.71,JP,1738603492
551,beli,7.8587,10.9719,35.48,12,13,1.94,NG,1738603493
552,aioun,16.6614,-9.6149,26.21,6,6,5.24,MR,1738603495
553,minas de marcona,-15.2119,-75.1103,23.8,58,92,4.45,PE,1738603496
554,igarka,67.4667,86.5833,-27.83,91,100,2.47,RU,1738603497
555,cururupu,-1.8283,-44.8683,29.17,61,91,2.49,BR,1738603498
556,relizane,35.7373,0.556,13.39,52,100,5.54,DZ,1738603499
557,raja,8.4596,25.678,28.67,19,36,1.86,SS,1738603500
558,berbera,10.4396,45.0143,23.4,57,89,6.05,SO,1738603502
559,roma,43.2128,-75.4557,3.7,81,100,3.09,US,1738603503
560,curitibanos,-27.2828,-50.5844,29.27,44,32,1.36,BR,1738603457
